payment_id,order_id,amount,payment_status
1,1,954.55,Failed
2,2,1398.39,Paid
3,3,368.63,Paid
4,4,416.18,Pending
5,5,767.68,Failed
6,6,367.57,Paid
7,7,542.88,Pending
8,8,985.02,Pending
9,9,373.36,Failed
10,10,621.08,Failed
11,11,963.48,Pending
12,12,479.03,Paid
13,13,1086.85,Failed
14,14,1068.83,Failed
15,15,385.26,Failed
16,16,527.24,Paid
17,17,727.26,Paid
18,18,457.44,Pending
19,19,1327.87,Failed
20,20,717.38,Paid
21,21,712.98,Paid
22,22,908.14,Failed
23,23,256.05,Paid
24,24,836.87,Pending
25,25,1100.64,Paid
26,26,1121.2,Paid
27,27,1713.99,Pending
28,28,1529.58,Failed
29,29,1132.47,Paid
30,30,743.75,Pending
31,31,1222.98,Failed
32,32,1309.54,Pending
33,33,48.61,Paid
34,34,689.25,Pending
35,35,493.38,Paid
36,36,1308.16,Failed
37,37,1146.19,Failed
38,38,677.03,Pending
39,39,316.48,Paid
40,40,429.11,Failed
41,41,1054.29,Pending
42,42,1213.77,Failed
43,43,1387.57,Failed
44,44,353.89,Paid
45,45,1203.13,Failed
46,46,1060.19,Failed
47,47,477.55,Paid
48,48,1226.4,Failed
49,49,844.78,Failed
50,50,476.06,Paid
51,51,80.01,Paid
52,52,484.86,Failed
53,53,914.41,Failed
54,54,480.72,Failed
55,55,931.22,Failed
56,56,902.28,Pending
57,57,973.63,Failed
58,58,901.12,Paid
59,59,448.24,Paid
60,60,1412.87,Paid
61,61,1128.7,Paid
62,62,1708.83,Failed
63,63,191.39,Failed
64,64,344.04,Pending
65,65,253.64,Failed
66,66,1271.8,Paid
67,67,553.95,Failed
68,68,1014.48,Pending
69,69,733.6,Failed
70,70,1297.47,Failed
71,71,477.21,Paid
72,72,966.57,Pending
73,73,1240.09,Failed
74,74,729.4,Failed
75,75,1054.5,Pending
76,76,879.86,Failed
77,77,1225.6,Pending
78,78,477.21,Pending
79,79,1319.21,Paid
80,80,805.78,Failed
81,81,321.14,Pending
82,82,181.8,Pending
83,83,392.65,Pending
84,84,438.02,Paid
85,85,636.26,Failed
86,86,176.72,Paid
87,87,802.15,Paid
88,88,176.72,Pending
89,89,1092.96,Pending
90,90,1238.13,Pending
91,91,745.32,Pending
92,92,910.32,Paid
93,93,661.43,Pending
94,94,1090.93,Failed
95,95,168.84,Paid
96,96,942.03,Pending
97,97,353.89,Failed
98,98,644.85,Pending
99,99,107.43,Failed
100,100,331.16,Pending
101,101,503.31,Pending
102,102,1032.48,Paid
103,103,146.21,Pending
104,104,599.81,Failed
105,105,1212.48,Failed
106,106,633.15,Paid
107,107,934.2,Pending
108,108,1035.14,Paid
109,109,1488.64,Pending
110,110,579.67,Paid
111,111,309.0,Pending
112,112,731.17,Pending
113,113,706.51,Paid
114,114,1572.91,Paid
115,115,703.04,Paid
116,116,240.0,Paid
117,117,1109.07,Pending
118,118,298.95,Pending
119,119,553.81,Failed
120,120,206.57,Pending
121,121,331.16,Paid
122,122,1075.86,Paid
123,123,812.97,Pending
124,124,668.7,Failed
125,125,590.28,Failed
126,126,509.44,Pending
127,127,1368.24,Paid
128,128,857.5,Paid
129,129,857.32,Pending
130,130,1419.71,Failed
131,131,816.66,Pending
132,132,797.75,Pending
133,133,507.65,Pending
134,134,422.42,Pending
135,135,1157.79,Paid
136,136,418.55,Paid
137,137,104.61,Pending
138,138,251.82,Failed
139,139,156.82,Pending
140,140,490.27,Paid
141,141,566.47,Paid
142,142,321.14,Failed
143,143,1118.05,Pending
144,144,1522.57,Paid
145,145,191.39,Paid
146,146,1113.5,Pending
147,147,422.42,Pending
148,148,639.19,Failed
149,149,620.59,Failed
150,150,955.89,Failed
151,151,193.22,Pending
152,152,898.09,Pending
153,153,1104.86,Failed
154,154,833.9,Paid
155,155,705.11,Paid
156,156,994.22,Pending
157,157,1177.69,Paid
158,158,146.21,Pending
159,159,509.12,Failed
160,160,867.82,Pending
161,161,895.36,Pending
162,162,708.35,Pending
163,163,850.52,Paid
164,164,941.79,Pending
165,165,1106.21,Paid
166,166,1248.34,Failed
167,167,383.36,Failed
168,168,1525.88,Paid
169,169,810.81,Pending
170,170,974.34,Failed
171,171,236.51,Pending
172,172,335.82,Paid
173,173,465.83,Pending
174,174,951.17,Failed
175,175,1242.97,Pending
176,176,420.17,Failed
177,177,760.63,Pending
178,178,382.72,Failed
179,179,928.54,Failed
180,180,986.11,Failed
181,181,476.97,Paid
182,182,448.45,Paid
183,183,353.89,Paid
184,184,336.06,Pending
185,185,407.5,Pending
186,186,257.62,Pending
187,187,1215.27,Failed
188,188,591.16,Pending
189,189,1153.51,Paid
190,190,202.5,Paid
191,191,564.41,Failed
192,192,1614.02,Failed
193,193,653.88,Pending
194,194,1077.97,Failed
195,195,301.99,Paid
196,196,712.1,Paid
197,197,369.43,Paid
198,198,280.94,Paid
199,199,552.79,Failed
200,200,1228.27,Pending
